player_name,events_played,wins,x_wins,x_wins_majors,rounds_played,shotlink_played,putt_raw,arg_raw,app_raw,ott_raw,t2g_raw,total_raw
"Thomas, Justin",14,1,0.345,0.09,55,43,0.322514608,0.395559227,0.915847987,0.373701464,1.685108678,1.871880765
"Smith, Cameron",12,2,1.757,0.069,42,35,0.715734719,0.268823437,1.217805503,-0.120312356,1.366316584,2.012047529
"McIlroy, Rory",11,1,0.247,0.269,42,38,0.329505098,0.618239606,0.408666773,0.932340671,1.95924705,1.973157069
"Scheffler, Scottie",17,4,0.866,0.793,65,44,0.458727921,0.396875543,0.695335327,0.179576098,1.271786968,1.057539922
"Rahm, Jon",12,1,1.023,0,46,39,0.043139202,-0.193456603,0.493248495,1.2803793,1.580171193,1.349366216
"Lowry, Shane",14,0,0.261,0.067,49,38,0.466577802,0.255566248,0.672218094,0.465891224,1.393675565,1.36987656
"Cantlay, Patrick",11,1,0.391,0,37,28,0.016201625,0.213872993,0.264256328,0.553943246,1.032072568,1.02606404
"Hovland, Viktor",16,3,1.405,0,59,46,0.394817676,-0.639292663,1.002699838,0.649657218,1.013064393,1.542434171
"Burns, Sam",16,2,0.43,0.001,52,45,0.442579631,0.092828373,0.631289676,0.210648798,0.934766847,1.269892904
"Fitzpatrick, Matthew",13,0,0.196,0.019,47,30,0.569466445,0.432076866,0.407467851,0.641017426,1.480562143,1.547403741
"Im, Sungjae",16,1,0.826,0.003,57,49,0.27217865,0.474696028,0.174961973,0.579682666,1.229340667,1.265878725
"Schauffele, Xander",15,1,0.185,0.002,53,35,0.238599985,0.226204066,0.504828707,0.458444717,1.18947749,0.94262315
"Matsuyama, Hideki",14,2,1.208,0,53,48,-0.184928977,0.257661712,0.743801538,0.278979726,1.280442977,1.338769842
"Morikawa, Collin",14,0,0.858,0.031,52,38,0.040897015,-0.131896795,0.677683068,0.663758756,1.209545029,1.051354586
"Zalatoris, Will",15,0,0.096,0.101,53,37,-0.049418461,0.216194683,0.960072523,0.595139558,1.771406763,1.167087341
"Young, Cameron",17,0,0.964,0.041,57,50,0.166116525,0.161708949,0.118611924,0.909896394,1.190217267,1.433910687
"Henley, Russell",16,0,0.357,0,61,51,0.002059256,0.305211206,0.912047504,0.012494579,1.22975329,1.150010405
"Gooch, Talor",19,1,1,0.001,66,53,0.176071152,0.453269427,0.561129941,-0.087198139,0.927201229,1.197849263
"Homa, Max",15,2,0.773,0.002,53,46,0.336816756,-0.156532845,0.596432044,0.443785767,0.883684966,1.057601714
"Hatton, Tyrrell",16,0,0.224,0.002,60,42,0.747611536,0.111435712,0.396943768,0.070299519,0.578679,0.900672028
"Horschel, Billy",13,0,0.294,0,48,37,0.554208012,0.277697287,-0.007413563,0.239512331,0.509796056,0.937484167
"Fleetwood, Tommy",15,0,0.016,0.019,54,42,0.316144325,0.316038301,0.415255913,0.291247424,1.022541638,1.410135509
"Conners, Corey",16,0,0.014,0.014,59,49,0.109141353,0.106920401,0.309949915,0.706697995,1.12356831,0.814367105
"Power, Seamus",20,0,0.049,0.004,66,47,0.423983239,0.087820702,0.05447065,0.268221919,0.410513271,1.039401359
"Varner III, Harold",16,1,0.118,0,52,39,0.101383129,0.367714728,0.387922777,-0.088191698,0.667445807,0.778391515
"Niemann, Joaquin",17,1,0.975,0,58,40,0.101557604,0.397885902,0.309415376,0.494921888,1.202223167,1.334379431
"Hoge, Tom",22,1,0.844,0.004,74,56,-0.049770253,0.238731803,0.769594717,0.078388068,1.086714587,1.09110225
"Watson, Bubba",10,0,0.029,0,31,22,-0.255512115,-0.050136073,0.127628058,0.414756176,0.492248161,0.298313036
"Wise, Aaron",16,0,0.02,0,56,51,-0.090729944,0.14696336,0.509256082,0.36587672,1.022096162,0.978773817
"Horsfield, Sam",7,1,0.012,0,22,18,0.751103105,0.265672404,0.909910552,0.041889159,1.217472115,1.772872309
"McNealy, Maverick",18,0,0.2,0,66,51,0.419440644,-0.078984951,0.198934172,0.296840054,0.416789275,0.718141381
"Kuchar, Matt",15,0,0.034,0,55,48,0.618281167,0.655958345,-0.016526095,-0.208881997,0.430550253,1.011843754
"Garcia, Sergio",13,0,0.005,0,44,32,0.116162501,0.035545897,0.216343941,0.603896856,0.855786694,1.029539021
"Bradley, Keegan",17,0,0.223,0,59,44,0.024771061,0.232016769,0.468847361,0.519845566,1.220709695,0.782841046
"Leishman, Marc",17,0,0.062,0,61,51,0.414243063,0.149578585,0.3988663,0.032837789,0.581282673,0.987659526
"Scott, Adam",14,0,0.208,0,52,47,0.413662792,-0.134706044,0.32726646,0.236777721,0.429338136,0.78008682
"Pereira, Mito",19,0,0.033,0.041,66,55,0.1018232,0.009530468,0.728561245,0.431121128,1.169212841,1.006823943
"Johnson, Dustin",11,0,0.017,0.001,41,29,-0.273540131,0.053880996,0.591247782,0.305123493,0.950252271,0.737469965
"Merritt, Troy",17,0,0.036,0,60,46,0.549011203,0.038613386,0.042718255,0.130596661,0.211928302,0.901749965
"Noren, Alex",16,0,0.078,0,54,39,0.506073502,0.067788756,0.297418163,0.025132925,0.390339844,0.785210966
"Berger, Daniel",10,0,0.071,0,35,27,-0.123170816,0.252812234,0.406949325,0.18870495,0.848466509,0.961891103
"Casey, Paul",8,0,0.368,0,30,22,0.064089078,0.154399855,0.937701455,-0.090444125,1.001657185,1.198249871
"Fox, Ryan",9,1,0.032,0,34,34,0.333872987,-0.034011868,1.249623802,0.233295293,1.448907227,1.678842033
"Kirk, Chris",17,0,0.109,0.019,56,41,-0.11584456,0.514803034,0.452307767,0.448968859,1.41607966,0.797794429
"Woodland, Gary",16,0,0.108,0,49,44,0.122010286,0.052721865,0.430328227,0.256220617,0.739270708,0.813111227
"Oosthuizen, Louis",10,0,0.006,0,32,30,-0.053565689,0.328424089,-0.180273836,0.460984002,0.609134256,0.4593537
"Mitchell, Keith",18,0,0.039,0,60,48,0.189758859,0.089191998,-0.045109186,0.727681533,0.771764345,0.88323556
"McCarthy, Denny",20,0,0.078,0,71,57,0.687089369,0.225873512,-0.155150243,-0.073924324,-0.003201055,0.902713533
"Finau, Tony",17,0,0.031,0,59,41,-0.361253074,0.051304917,0.423129979,0.485930336,0.960365232,0.437647299
"Kokrak, Jason",15,1,0.254,0,55,48,0.37532825,-0.033832567,0.004643805,0.143055516,0.113866754,0.353992351
"Smith, Jordan",9,0,0.022,0,34,34,0.092276683,0.060643912,0.538786455,1.021579405,1.621009772,1.789365148
"Ancer, Abraham",17,0,0.004,0.004,61,42,0.347710769,-0.638094803,-0.034022493,0.369535043,-0.302582253,0.139776571
"Tringale, Cameron",19,0,0.083,0,65,49,0.210046622,0.143018316,0.439148943,-0.18537384,0.396793419,0.40173531
"Vegas, Jhonattan",17,0,0.007,0,61,43,-0.05810909,-0.149038636,0.402023186,0.413536768,0.666521318,0.788830555
"Larrazabal, Pablo",10,2,0.019,0,36,28,0.871574809,0.292689295,0.289405895,-0.279637394,0.302457796,1.696047591
"Kim, Si Woo",20,0,0.017,0,72,62,-0.20810227,0.107530912,0.062528127,0.296068263,0.466127302,0.243139293
"Spieth, Jordan",14,1,0.281,0,49,39,-0.399429669,0.294484063,0.532274333,0.467502682,1.294261079,0.538871605
"Rose, Justin",13,0,0.031,0.002,43,24,0.479668306,-0.201729689,-0.059766511,0.037359146,-0.224137054,0.60320618
"Arnaus, Adri",11,1,0.016,0,39,35,0.381194952,0.007991669,0.567636783,0.504613776,1.080242228,1.610753335
"Hadwin, Adam",18,0,0.044,0,61,46,0.173791913,0.354052641,0.438436103,-0.112546165,0.67994258,0.626457364
"Griffin, Lanto",19,0,0.181,0,68,58,0.207031569,-0.27500651,0.381090536,0.159852227,0.265936253,0.606570928
"Spaun, J.J.",21,1,0.045,0,72,58,0.083123904,-0.003373402,0.217044926,0.208566149,0.422237673,0.612919434
"Hubbard, Mark",17,0,0,0,58,27,0.07884237,0.299117177,0.334869778,-0.214251133,0.419735822,0.946133159
"Pieters, Thomas",10,1,0.014,0,33,26,-0.068200643,0.179906821,0.05263712,0.307879022,0.540422964,0.253408572
"Long, Adam",20,0,0.005,0,64,51,0.579629655,0.083456588,-0.178171463,0.05493626,-0.039778616,0.529087962
"Lee, Kyounghoon",18,1,0.294,0,64,58,0.11093042,0.036577644,-0.056966947,0.318669883,0.29828058,0.434122695
"Munoz, Sebastian",17,0,0.318,0,58,47,-0.265700837,0.097558114,0.274214087,0.282646536,0.654418737,0.369888505
"Harman, Brian",17,0,0.189,0,58,48,0.290289627,0.105296834,-0.004603582,0.15045719,0.251150442,0.648910801
"List, Luke",19,1,0.08,0,61,48,-0.778928192,0.169302475,0.441640132,0.765883006,1.376825614,0.845625035
"Day, Jason",13,0,0.033,0,42,34,0.261449897,0.245541966,-0.200569457,-0.14772454,-0.102752031,0.434025354
"Kisner, Kevin",16,0,0.214,0,52,40,0.446660307,0.212745365,-0.036385784,-0.252327439,-0.075967859,-0.071875089
"Alker, Steven",8,2,0,0,25,0,-9999,-9999,-9999,-9999,-9999,3.496804837
"Riley, Davis",20,0,0.312,0.002,64,50,0.250963587,-0.039128254,-0.041496222,0.343537955,0.262913478,0.656451441
"Hughes, Mackenzie",17,0,0.506,0,53,42,0.529642823,0.17941062,-0.224452924,-0.243195937,-0.288238242,0.478713668
"Na, Kevin",12,0,0,0,42,34,-0.073232612,0.14044239,0.691247518,-0.547621168,0.28406874,0.198670891
"Pan, C.T.",16,0,0.025,0,57,46,-0.030005793,0.288548054,0.320211027,0.088032628,0.696791709,0.513406829
"Koepka, Brooks",15,0,0.152,0,49,37,0.115250644,-0.063932178,-0.065062604,0.147532935,0.018538153,-0.028251124
"Bekker, Oliver",13,0,0.01,0,44,44,0.419352284,0.266687578,0.338882341,0.596385794,1.201955713,1.63600503
"Howell III, Charles",13,0,0.005,0,42,35,-0.350810239,0.452759804,-0.034844091,0.319998596,0.737914309,0.537272177
"Dahmen, Joel",18,0,0.026,0,61,50,-0.021997887,-0.316650933,0.341937467,0.191306661,0.216593195,0.297826029
"Simpson, Webb",13,0,0.014,0.001,45,37,-0.00642888,0.32482212,0.121542705,0.057457741,0.503822565,0.490589219
"Hoshino, Rikuya",9,0,0.002,0,34,6,0.122458215,-0.110470678,-0.264407928,-0.320002658,-0.694881264,2.010680837
"Knox, Russell",21,0,0.043,0,69,56,-0.559079634,-0.017456134,0.530682081,0.301470874,0.814696821,0.399000686
"Meronk, Adrian",10,0,0.007,0,37,29,0.484987875,-0.179033357,0.184340879,0.974780346,0.980087868,1.489347684
"Du Plessis, Hennie",13,0,0.004,0,47,28,-0.00586253,0.441869233,0.465535436,0.652592668,1.559997337,2.095107936
"Steele, Brendan",17,0,0.048,0.004,55,42,-0.437015566,-0.134055015,0.108696263,0.698369724,0.673010973,0.329597942
"Pendrith, Taylor",15,0,0.013,0,51,39,-0.08029925,-0.011386698,-0.146842574,0.46723401,0.309004738,0.460641596
"Herbert, Lucas",15,1,0.063,0.002,44,30,1.007162947,0.358015382,-0.724775334,-0.519283964,-0.886043916,0.448779276
"Sherwood, Cole",8,2,0,0,24,0,-9999,-9999,-9999,-9999,-9999,3.87861587
"Wiesberger, Bernd",9,0,0,0,34,30,-0.989225637,0.36886281,1.312966338,0.422081503,2.103910651,1.113963777
"Stallings, Scott",21,0,0.007,0,63,50,0.370946865,0.049456369,-0.023831096,-0.094893886,-0.069268613,0.41946595
"Jones, Matt",18,0,0.818,0,55,45,-0.378615441,0.559371695,-0.081261904,0.249968899,0.72807869,0.272427956
"Harding, Justin",12,0,0.005,0,44,36,0.15829754,0.42250402,0.498651438,0.135224017,1.056379474,1.38055324
"Rai, Aaron",20,0,0.03,0,63,45,-0.154028206,-0.029418555,0.346609121,0.188815219,0.506005785,0.314478877
"Rodgers, Patrick",18,0,0.007,0,57,41,0.363283853,0.004443041,0.050826069,0.077971463,0.133240573,0.534065414
"Van Rooyen, Erik",15,0,0.021,0,51,44,-0.017598552,-0.257467682,0.346589353,0.245917316,0.335038987,0.313377953
"NeSmith, Matthew",20,0,0.151,0,66,52,-0.250478532,0.024785332,0.491569757,0.185576025,0.701931114,0.370627949
"Otaegui, Adrian",10,0,0.008,0,36,28,0.615077315,0.364038342,0.299572823,-0.198572082,0.465039083,1.353312514
"Lashley, Nate",19,0,0.002,0,60,45,0.261745546,0.037387254,0.172368401,0.011564743,0.221320398,0.541543228
"Sabbatini, Rory",12,0,0.044,0,36,30,0.337961884,0.562536769,-0.255105959,-0.113808167,0.193622642,0.264673335
"Montgomery, Taylor",12,0,0.012,0,41,3,1.78756064,-0.041065022,-1.046240398,0.691230228,-0.396075192,1.544758691
"Todd, Brendon",18,0,0.002,0,59,44,0.666572431,0.195036906,-0.052846258,-0.436181484,-0.293990836,0.384518356
"Bezuidenhout, Christiaan",16,0,0.004,0,55,37,0.242752715,0.106804329,0.139627115,0.119491667,0.365923111,0.80318267
"Reed, Patrick",19,0,0.021,0,65,43,0.432795431,0.08772536,-0.439310866,-0.570987449,-0.922572955,-0.119074302
"Perez, Pat",17,0,0.019,0,54,43,0.007021912,0.436644364,0.193118528,-0.457909572,0.171853321,0.200406675
"Smalley, Alex",20,0,0.011,0,62,47,-0.194301301,-0.186043842,0.059258613,0.317109972,0.190324743,0.425495438
"Barnes, Erik",14,0,0.001,0,54,0,-9999,-9999,-9999,-9999,-9999,1.605954713
"Fowler, Rickie",14,0,0.013,0,45,34,-0.259730272,0.291142825,0.244909854,-0.07830005,0.457752628,0.08969657
"Hahn, James",17,0,0.009,0,47,34,-0.476207354,0.170111114,0.063079701,0.305768824,0.538959639,0.118002928
"Laird, Martin",14,0,0.008,0,43,37,-0.47081273,0.130650154,0.33014828,0.223847376,0.68464581,0.563336389
"Olesen, Thorbjorn",8,1,0.004,0,28,24,0.525589698,0.13921947,0.525465853,-0.035567886,0.629117437,1.153726008
"Kizzire, Patton",19,0,0.018,0,63,54,0.064706739,-0.098512899,0.244313982,-0.144362097,0.001438986,0.153828925
"Ghim, Doug",18,0,0.04,0,58,44,-0.451547685,0.124590879,0.409139333,0.018039033,0.551769245,0.029800042
"Lahiri, Anirban",18,0,0.591,0,56,46,-0.027285619,0.241191616,-0.353481483,0.401572413,0.289282546,0.197675869
"Straka, Sepp",23,1,0.46,0,74,54,0.204653859,0.002612978,-0.17903883,0.058362526,-0.118063326,-0.06951157
"Daffue, MJ",13,0,0.006,0,50,4,-0.478037778,-0.356139622,-0.386140591,0.06826487,-0.674015344,1.463054104
"Davis, Cameron",16,0,0.022,0,50,48,0.0086894,-0.059810245,0.074412394,-0.007702075,0.006900073,-0.049136557
"Macintyre, Robert",11,0,0.001,0,36,32,0.059388091,0.219485794,0.294423942,0.010207651,0.524117387,0.688547348
"Glover, Lucas",18,0,0.007,0,62,56,-0.573855471,-0.101540344,0.362811151,0.28895987,0.550230677,-0.022939023
"Kim, Seonghyeon",14,0,0.004,0,50,4,0.117787637,-0.258126074,0.49031578,0.082881464,0.31507117,1.374703248
"Streelman, Kevin",19,0,0.008,0,64,56,0.047425817,0.146523268,-0.173001519,0.290668039,0.264189787,0.08495744
"Poulter, Ian",16,0,0.002,0,49,38,0.333395579,0.207958133,-0.047993097,-0.197010508,-0.037045472,0.32031919
"Langasque, Romain",11,0,0,0,34,34,0.17246283,0.077342042,0.665936299,0.263406938,1.006685278,1.232678707
"Palmer, Ryan",15,0,0.034,0,47,34,-0.352327012,0.007181685,0.172244408,0.500948969,0.680375062,0.082422963
"Hojgaard, Rasmus",11,0,0.001,0,42,34,-0.107932089,0.38797039,0.315384693,0.122344811,0.825699893,0.744272336
"Putnam, Andrew",20,0,0.011,0,60,47,0.044767414,0.185977457,0.115098366,-0.305852298,-0.004776475,0.124457645
"Surratt, Caleb",5,2,0,0,15,0,-9999,-9999,-9999,-9999,-9999,3.840727234
"Lawrence, Thriston",13,1,0,0,46,30,0.245674937,-0.257234246,0.276036646,0.482534737,0.501337137,1.355535204
"Lipsky, David",20,0,0.006,0,60,44,-0.05804806,-0.004987427,0.344682448,-0.089366247,0.250328773,0.292341266
"Molinari, Francesco",13,0,0.022,0,41,36,-0.041706445,0.207418517,-0.089489988,-0.22991708,-0.11198855,-0.072633006
"Malnati, Peter",22,0,0.006,0,75,59,0.259100327,0.132885641,0.103662435,-0.294436844,-0.057888768,0.117475211
"Armitage, Marcus",10,0,0.001,0,36,36,-0.422775316,-0.010991582,1.191058799,0.325597293,1.505664509,1.161781176
"Schwab, Matthias",16,0,0.003,0,52,35,0.413848448,0.306244368,0.144024471,-0.345939398,0.10432944,0.711629504
"Griffin, Ben",13,0,0.001,0,42,2,2.112147183,-1.046533882,-0.565220549,-0.4174722,-2.029226632,1.427097293
"Li, Haotong",9,0,0.001,0,30,20,0.381140608,-0.055144333,0.635990552,0.046943908,0.627790128,0.895854129
"Hossler, Beau",16,0,0.042,0,47,41,0.843787375,0.063774304,-0.694918127,-0.189662007,-0.82080583,0.037395129
"Wu, Ashun",12,1,0.012,0,44,38,0.90687524,0.12342611,0.64584601,-0.443703158,0.325568962,1.15343658
"Poston, J.T.",19,0,0.025,0,51,44,-0.010100111,0.103494525,-0.291582021,0.385412875,0.19732538,0.099805662
"Moore, Taylor",18,0,0.015,0,54,46,-0.290602752,0.16118718,-0.302748224,0.201831388,0.060270344,-0.149081757
"Strydom, Tristen",12,1,0.526,0,39,0,-9999,-9999,-9999,-9999,-9999,2.531267667
"Theegala, Sahith",21,0,0.163,0,72,57,-0.181247487,0.127747004,0.090319114,0.034135507,0.252201626,0.142995153
"Duncan, Tyler",18,0,0.003,0,55,36,-0.401078561,0.064790804,0.239178738,0.237680996,0.541650538,0.19165191
"Taylor, Nick",19,0,0.003,0,62,47,-0.161621066,0.020562449,0.116268929,0.026317717,0.163149095,0.154402166
"Katsuragawa, Yuto",8,1,0,0,32,0,-9999,-9999,-9999,-9999,-9999,2.50703479
"Frittelli, Dylan",20,0,0.001,0,65,53,-0.013447718,0.027117635,0.159898203,-0.107431246,0.079584591,0.079659521
"Champ, Cameron",12,0,0.005,0.001,38,33,-0.094381187,-0.40615533,-0.041683284,0.717870266,0.270031652,-0.060181006
"Burmester, Dean",11,0,0.009,0,37,31,-0.386675121,0.440362978,0.195405131,0.526044859,1.161812968,1.169095007
"Coetzee, George",12,0,0.001,0,42,34,0.03947951,0.358009361,0.098192407,0.489240896,0.945442664,1.389414387
"Sigg, Greyson",20,0,0,0,65,46,-0.012843104,-0.096512144,-0.030395896,-0.078348537,-0.205256577,0.138962988
"Whaley, Vincent",20,0,0.002,0,62,43,0.222453345,-0.034745708,-0.553418724,-0.054674641,-0.642839073,0.041963388
"Swafford, Hudson",20,1,0.428,0,62,50,0.02822746,-0.588454631,0.39528759,0.013532643,-0.179634399,-0.068753759
"Zecheng, Marty Dou",13,0,0.016,0,50,0,-9999,-9999,-9999,-9999,-9999,1.349106923
"James, Benjamin",5,1,0,0,15,0,-9999,-9999,-9999,-9999,-9999,3.7073939
"Willett, Danny",17,0,0.001,0.001,52,40,-0.039959234,0.340351071,-0.138107286,0.036398922,0.238642707,0.142499743
"Aberg, Ludvig",11,2,0,0,32,3,-0.448420178,-1.387135777,-0.62033209,0.394284004,-1.613183863,2.719870415
"Ritchie, JC",14,2,0.031,0,52,16,-0.925923261,0.140372061,0.890860449,0.414047481,1.445279991,1.841551859
"Jamieson, Scott",9,0,0,0,32,28,0.598982142,0.147096393,-0.091726003,0.142643611,0.198014001,0.966935113
"Brun, Julien",11,0,0,0,38,38,0.803838579,0.27880216,0.629726857,-0.616624951,0.291904066,1.102743721
"Clark, Wyndham",19,0,0.001,0,60,44,0.281526498,-0.233610392,-0.349221475,-0.013764475,-0.596596342,-0.083993596
"Thompson, Michael",18,0,0.02,0,60,50,0.176734248,0.051784951,-0.257759145,-0.263057155,-0.469031349,-0.022695331
"Ryder, Sam",20,0,0.003,0,60,48,0.167717805,0.032832415,-0.099561578,-0.241906333,-0.308635496,-0.102618616
"Cink, Stewart",15,0,0.009,0,47,44,0.001490885,-0.365127952,0.193810468,-0.110387211,-0.281704695,-0.241051368
"Canter, Laurie",11,0,0.002,0,40,36,0.192684117,-0.327340323,0.339191623,0.652292552,0.664143852,0.826878584
"Ortiz, Carlos",16,0,0.062,0,49,40,-0.05074716,-0.396159333,0.099396499,-0.086046758,-0.382809591,-0.215826228
"Lee, Danny",15,0,0.011,0,39,26,-0.435392562,-0.480832542,-0.237766594,0.100874601,-0.617724535,-0.178664371
"Sargent, Gordon",8,1,0,0,24,0,-9999,-9999,-9999,-9999,-9999,3.37861587
"Byrd, Jonathan",13,0,0.003,0,38,23,0.381767054,0.509306755,-0.513242608,-0.597003767,-0.60093962,0.110350499
"Suh, Justin",13,0,0,0,48,4,-0.187891154,-0.344628654,-0.095202894,0.312567024,-0.127264524,1.137178533
"Yuan, Yechun",12,1,0.008,0,36,1,-3.142909091,1.219571429,-3.653012987,1.53738961,-0.896051948,1.211951354
"Lewton, Steve",6,0,0.002,0,24,0,-9999,-9999,-9999,-9999,-9999,2.286229394
"Stenson, Henrik",15,0,0,0,43,31,-0.218186988,-0.324439688,0.465308283,0.028379496,0.169248091,-0.285196256
"Seiffert, Chase",11,0,0,0,35,19,-0.324737876,0.078106914,0.273069919,-0.265511548,0.085665285,-0.062637107
"Korhonen, Mikko",9,0,0,0,30,26,-0.039352489,0.287565326,0.294452095,0.22168435,0.80370177,0.931373297
"Hickok, Kramer",21,0,0.024,0,61,44,0.023556591,-0.346483426,-0.029042267,0.155445146,-0.220080547,-0.008765547
"Fisher, Ross",11,0,0,0,36,36,-0.499071273,0.025955249,0.426841031,0.997502698,1.450298978,0.952295178
"Higgs, Harry",21,0,0.002,0,59,50,0.289086468,-0.001686147,-0.443805126,-0.085844488,-0.531335761,-0.237445899
"Harrington, Padraig",12,0,0.002,0,38,22,-0.228297742,0.184496136,0.48305415,0.223544424,0.89109471,1.291826909
"Donald, Luke",15,0,0.001,0,45,32,-0.076424849,0.281102627,0.68540762,-0.828192103,0.138318144,0.098947623
"Imahira, Shugo",7,2,0,0,26,0,-9999,-9999,-9999,-9999,-9999,1.964207682
"Davenport, Reid",8,0,0,0,24,0,-9999,-9999,-9999,-9999,-9999,3.336949203
"Norris, Shaun",13,1,0.044,0,42,24,1.131449444,-0.108056012,0.544276101,-0.305842376,0.130377713,1.29387977
"Mullinax, Trey",19,0,0.018,0,53,40,-0.274490836,-0.030177825,-0.198482315,0.494589738,0.265929599,-0.12156704
"Long, Hurly",11,0,0,0,37,33,0.619993082,0.222395475,-0.516728005,0.442745667,0.148413137,1.045793023
"Smotherman, Austin",16,0,0.013,0,52,37,-0.202282206,-0.447151667,0.559025585,0.437569204,0.549443123,0.033177404
"Jaeger, Stephan",21,0,0.01,0,61,49,0.184600463,0.48908005,0.004548832,-0.80948181,-0.315852928,-0.035574002
"Schenk, Adam",23,0,0.048,0,67,52,0.18891929,-0.419736174,-0.037130391,-0.153960214,-0.610826779,-0.276580079
"Wu, Brandon",18,0,0.029,0,50,28,0.406953633,-0.39121939,0.020147057,-0.045723093,-0.416795426,0.252056445
"Detry, Thomas",11,0,0,0,40,28,0.006357048,-0.086939563,0.11264566,0.328964984,0.35467108,0.710387615
"Bland, Richard",10,0,0.141,0,32,28,0.049496865,0.182906965,0.565908042,-0.260077202,0.488737805,0.616765341
"Wolff, Matthew",15,0,0.108,0,48,34,0.324278318,-0.010529829,-0.634778287,-0.318110985,-0.963419102,0.12537114
"Ramsay, Richie",10,0,0.001,0,31,31,0.651942126,-0.095751371,-0.077622764,0.324632442,0.151258307,0.872784803
"McAllister, Logan",8,0,0,0,23,2,0.773904279,-0.59602438,-0.279471642,0.028666201,-0.846829821,2.894067671
"Cole, Eric",12,0,0,0,42,0,-9999,-9999,-9999,-9999,-9999,1.185676135
"Streb, Robert",19,0,0.011,0,54,45,0.059544851,0.051833701,-0.120564767,-0.090448842,-0.159179908,-0.01183527
"Uihlein, Peter",17,0,0,0,53,26,-0.128476042,0.0352941,-0.06676169,-0.026987452,-0.058455042,0.29098569
"Stuard, Brian",24,0,0.002,0,71,49,-0.364480554,0.212794828,0.156617011,-0.499569081,-0.130157242,-0.034750783
"Piercy, Scott",19,0,0.003,0,58,46,-0.004825276,0.170832132,-0.112936724,-0.104354774,-0.046459365,-0.113881537
"Higa, Kazuki",7,1,0.006,0,28,0,-9999,-9999,-9999,-9999,-9999,1.901929111
"Ramey, Chad",21,1,0.014,0,63,40,-0.280020049,-0.201388732,0.378994679,-0.363894231,-0.186288285,0.111132178
"Johnson, Zach",16,0,0.002,0,44,39,0.30482645,0.01187805,-0.216795524,-0.479211336,-0.68412881,-0.265112744
"English, Harris",6,0,0,0,19,14,-0.089460901,0.351728376,-0.184174,-0.882109782,-0.714555406,-0.719153716
"Novak, Andrew",18,0,0,0,53,32,-0.283042436,0.180123169,0.20019996,-0.248781803,0.131541327,0.037229867
"Garnett, Brice",21,0,0.001,0,62,45,0.042713566,0.113609722,-0.215377788,-0.015429229,-0.117197296,-0.047265726
"Jimenez, Miguel A",10,2,0,0,29,4,-0.110228955,-0.210535754,-0.774376573,0.337662592,-0.647249735,2.403005027
"McGirt, William",11,0,0.001,0,30,29,-0.160088511,0.525219347,-0.325285113,-0.337798468,-0.137864234,-0.165510027
"Huh, John",16,0,0.003,0,48,34,0.021594131,-0.070817192,-0.07702374,-0.143220073,-0.291061005,-0.323479537
"Nunez, Augusto",13,0,0,0,44,0,-9999,-9999,-9999,-9999,-9999,1.287982535
"Guerrier, Julien",10,0,0,0,32,28,0.53808825,0.275758765,-0.526544274,0.52395812,0.273172612,0.833010949
"Armour, Ryan",13,0,0,0,38,23,-0.250486817,-0.008282971,0.069924079,0.420757918,0.482399025,0.009087369
"McDowell, Graeme",16,0,0.004,0,45,29,0.133972102,-0.303908712,0.244885944,-0.315179459,-0.374202227,-0.120935865
"Nakajima, Keita",5,0,0,0,18,6,0.196463522,0.178553648,-0.323424718,-0.197851891,-0.342722961,0.804244787
"Brown, Scott",14,0,0,0,45,9,0.946031404,0.152291698,-0.592024805,-0.407084349,-0.846817456,0.827079125
"Reavie, Chez",20,0,0.01,0,60,49,-0.38738135,-0.016917487,0.254300164,-0.315526441,-0.078143764,-0.18774962
"Kim, Joohyung",12,1,0,0,44,12,-0.483673997,-0.027926772,0.032572177,-0.196176898,-0.191531493,1.517612271
"An, Byeong Hun",12,1,0,0,38,4,0.478837637,-0.959076074,0.13264078,-0.719543536,-1.54597883,0.929237615
"Paul, Jeremy",13,0,0,0,44,0,-9999,-9999,-9999,-9999,-9999,1.103774315
"Svensson, Adam",21,0,0.004,0,63,46,-0.326050217,-0.10586983,0.254223691,-0.096297755,0.052056106,-0.134347211
"Pavon, Matthieu",9,0,0.001,0,30,26,-0.240882351,0.058951845,0.176218341,0.637117527,0.872287713,0.89992988
"Redman, Doc",20,0,0.001,0,61,43,-0.013770932,-0.461273289,0.225419348,-0.153239664,-0.389093606,-0.320059871
"Meissner, Mitchell",8,0,0,0,32,0,-9999,-9999,-9999,-9999,-9999,2.6026071
"Watney, Nick",19,0,0.042,0,55,42,0.184267919,-0.325700217,0.197256483,-0.189597665,-0.318041398,-0.351522477
"Buckley, Hayden",20,0,0.026,0,58,43,-0.400883784,-0.325548023,0.029579952,0.568101325,0.272133254,-0.119870578
"Gutschewski, Scott",16,0,0,0,45,22,-0.508411151,0.097365548,0.420964355,-0.045954759,0.472375144,0.178751336
"Molinari, Edoardo",10,0,0.001,0,36,36,-0.718788572,-0.088084641,1.051002088,0.408246648,1.371164095,0.714171811
"Biondi, Fred",8,2,0,0,25,0,-9999,-9999,-9999,-9999,-9999,3.528168502
"Brennan, Michael",8,0,0,0,23,2,-0.807493396,-1.185542066,-0.480727857,1.213259118,-0.453010805,2.680148766
"Zanotti, Fabrizio",9,0,0,0,34,34,0.038713368,0.014716285,0.057953376,0.467564412,0.540234073,0.659154136
"Parry, John",5,0,0,0,18,0,-9999,-9999,-9999,-9999,-9999,2.132555602
"Moore, Ryan",8,0,0,0,23,17,-0.419103777,0.082872528,0.49531117,-0.249601618,0.32858208,-0.277166575
"Dougherty, Kevin",10,0,0,0,38,0,-9999,-9999,-9999,-9999,-9999,1.006445279
"Hodges, Lee",20,0,0.053,0,60,49,-0.511440561,0.099914895,-0.071130604,0.177101549,0.20588584,-0.377225338
"Inamori, Yuki",7,1,0.002,0,26,2,-1.106019231,0.853163462,-0.185884615,-0.843310897,-0.176032051,1.550999844
"Gotterup, Chris",9,1,0,0,28,0,-9999,-9999,-9999,-9999,-9999,2.679543042
"Grace, Branden",17,0,0.001,0,48,41,-0.587074883,0.059218591,-0.358945163,0.019381678,-0.280344893,-0.601799677
"Bjork, Alexander",8,0,0,0,26,26,0.807511519,0.303839071,0.029797511,-0.490476612,-0.156840031,0.571348682
"Paul, Yannik",11,0,0.001,0,40,28,-0.159088771,-0.206050309,0.611356388,0.416188351,0.821494429,0.847255734
"Kanaya, Takumi",11,0,0.001,0,30,18,-0.409464393,0.056170842,-0.876245842,0.066267082,-0.753807919,-0.127631615
"Garrigus, Robert",7,0,0,0,23,8,0.144417376,-0.398164248,0.911821634,-0.863545537,-0.34988815,0.289349229
"Taylor, Ben",12,0,0,0,44,0,-9999,-9999,-9999,-9999,-9999,0.982763569
"Rodriguez, Jose de Jesus",11,0,0,0,38,0,-9999,-9999,-9999,-9999,-9999,1.026499921
"Norlander, Henrik",19,0,0.018,0,55,42,-0.424342903,0.009855992,0.089291068,-0.27339025,-0.174243189,-0.341285092
"Taylor, Vaughn",13,0,0,0,38,24,-0.57350596,0.079845025,0.325911064,-0.143587204,0.262168885,0.041809472
"Syme, Connor",11,0,0.001,0,38,38,0.393399732,-0.003056542,0.162956785,0.108842093,0.268742337,0.692698773
"Lebioda, Hank",21,0,0.001,0,58,44,0.262519119,-0.051461129,-0.048794521,-0.374058336,-0.474313986,-0.193331182
"Lopez-Chacarra, Eugenio",12,3,0,0,35,6,-0.646565765,-0.355810449,-0.867293006,1.203697876,-0.019405579,2.331968706
"Nemecz, Lukas",12,0,0.001,0,40,28,-0.686037718,-0.061494319,0.52383389,0.59859654,1.06093611,0.796000648
"Lower, Justin",17,0,0,0,56,28,-0.292607706,-0.469489255,0.260279699,-0.410056067,-0.619265624,0.176112575
"Haas, Bill",22,0,0,0,72,48,0.135881563,0.330030591,-0.559419732,-0.348812432,-0.578201572,-0.284717842
"Grillo, Emiliano",19,0,0.001,0,53,40,-0.112315079,-0.239329264,-0.104127598,0.317216765,-0.026240097,-0.42229508
"Mansell, Richard",8,0,0,0,27,17,-0.193291619,-0.186437185,0.320399956,0.860772821,0.994735592,0.991280274
"Shinkwin, Callum",9,0,0,0,30,30,0.156877114,-0.010700888,-0.233741855,0.711921467,0.467478724,0.555867678
"Fischer, Zack",11,0,0.001,0,38,0,-9999,-9999,-9999,-9999,-9999,0.933352125
"Kitayama, Kurt",16,0,0.143,0,46,28,-0.072462846,-0.278070125,0.619311868,0.002257693,0.343499436,0.119289351
"Campillo, Jorge",12,0,0,0,44,44,0.107595189,-0.026923731,0.392798474,0.152458433,0.518333176,0.617875289
"Wu, Dylan",17,0,0,0,51,33,0.268673618,-0.202983548,-0.222819758,-0.215090721,-0.640894026,-0.326457178
"Moolman, Pieter",12,0,0.006,0,42,0,-9999,-9999,-9999,-9999,-9999,1.963560012
"Lee, Min Woo",9,0,0,0,26,17,0.229665626,-0.345753076,-0.906472018,0.291606324,-0.96061877,0.162000185
"Bridgeman, Jacob",8,2,0,0,23,2,-0.241708202,1.323453785,-2.378222075,-0.622393422,-1.677161712,2.659722227
"O'Hair, Sean",16,0,0,0,47,10,0.285280529,0.35431388,-0.8742504,-0.245098282,-0.765034802,0.488911951
"Law, David",10,0,0.001,0,36,28,-0.150505387,0.139619347,0.463855878,0.076869202,0.680344427,0.552586219
"Howie, Craig",8,0,0,0,27,23,0.011633831,-0.079194557,0.206215562,0.428892599,0.555913604,0.709801155
"Kodaira, Satoshi",10,0,0,0,30,18,0.010109081,-0.138116894,-0.226684632,0.16510317,-0.199698356,-0.056469118
"Tway, Kevin",21,0,0.056,0,56,45,0.316439577,-0.094084281,-0.663301337,-0.149849116,-0.907234734,-0.445142275
"Veerman, Johannes",9,0,0,0,26,22,0.482337017,-0.067807223,-0.323710166,0.422821078,0.031303689,0.667560069
"Eckroat, Austin",7,0,0,0,21,6,-0.954328747,-0.546239907,-0.329792206,0.538311491,-0.337720622,0.189279422
"Kohles, Ben",17,0,0,0,50,27,0.189840481,-0.261826503,-0.128260135,-0.607922066,-0.998008705,-0.009526072
"Hardy, Nick",14,0,0,0,39,21,-0.268176209,-0.515873855,-0.225204058,0.393513194,-0.34756472,-0.096128112
"Tarren, Callum",18,0,0,0,52,28,-0.198326794,-0.388182036,-0.166059847,0.171166355,-0.383075528,-0.02610577
"Perez, Victor",9,0,0,0,32,18,0.049716802,-0.228605733,0.831098562,-0.133632806,0.468860023,0.426930047
"Westwood, Lee",13,0,0,0,39,32,-0.350343228,-0.215789835,-0.023887237,0.062922811,-0.176754261,-0.125099748
"Van Tonder, Daniel",13,0,0,0,46,34,0.085581878,0.482910218,-0.296943444,0.184242741,0.370209515,0.602113907
"Elvira Mijares, Ignacio",11,0,0,0,36,36,0.077463983,0.304764525,0.146993775,-0.077402766,0.374355534,0.477248774
"Barjon, Paul",17,0,0.004,0,48,39,-0.297341915,-0.60036547,0.142156259,0.397751326,-0.060457884,-0.463403518
"Walters, Justin",12,0,0.001,0,42,30,-0.337591364,-0.253535706,0.449242317,0.359216882,0.554923494,0.587132409
"Stroud, Chris",7,0,0,0,19,12,-0.454640004,-0.551190571,0.634213373,-0.238034825,-0.155012023,-0.322563468
"Bramlett, Joseph",21,0,0,0,62,47,-0.816973391,-0.20881038,0.157589681,0.365209317,0.313988618,-0.397160715
"Percy, Cameron",10,0,0.002,0,26,13,0.007680601,-0.260169673,-0.488409541,-0.247412047,-0.99599126,0.096942441
"Bryan, Wesley",12,0,0,0,36,25,0.128834579,0.32044435,0.427337007,-1.214073205,-0.466291848,-0.50391298
"Sloan, Roger",20,0,0.006,0,54,43,-0.177706307,0.103137209,-0.309429937,-0.216626529,-0.422919258,-0.555549457
"Kim, Chan",10,0,0,0,32,6,-0.642163353,0.026370131,0.323626033,0.137519754,0.487515917,0.652036706
"Portillo, Angel Hidalgo",12,0,0,0,36,18,0.511627348,0.41290334,-0.185978616,0.193185146,0.420109871,1.046259471
"Ormsby, Wade",11,0,0,0,36,20,0.194565572,0.244566441,0.103589568,-0.208362419,0.13979359,0.723653734
"Gavins, Daniel",12,0,0,0,38,38,-0.538955904,0.232408589,0.693516837,0.031465727,0.957391153,0.474176439
"Walker, Jimmy",14,0,0,0,41,33,-0.299606821,0.219555527,0.096318018,-0.56434134,-0.248467795,-0.646114772
"Snedeker, Brandt",17,0,0,0,44,33,-0.219080042,-0.025508048,-0.065542695,-0.284281097,-0.375331841,-0.321155782
"Pulkkanen, Tapio",10,0,0.001,0,32,24,0.194517006,0.434838547,-0.40876284,-0.378640012,-0.352564305,0.396562452
"Horsey, David",8,0,0,0,25,25,0.044761864,-0.101797515,0.587682664,-0.185138826,0.300746324,0.342770487
"Pavan, Andrea",10,0,0,0,32,28,0.615424495,0.56857633,-0.016775952,-0.925213718,-0.37341334,0.327848863
"Green, Gavin",10,0,0,0,34,20,1.183625195,-0.298927965,0.029636458,-0.148400732,-0.41769224,0.783355833
"Schwartzel, Charl",17,0,0.012,0.001,51,43,-0.365143589,0.243778025,0.014641074,-0.613174921,-0.354755822,-0.772306208
"Noh, Seung-Yul",16,0,0,0,46,28,0.01080092,0.095195822,-0.040664717,-1.161229487,-1.106698382,-0.347651465
"Janewattananond, Jazz",16,0,0,0,58,30,0.197062188,0.264640213,-0.161914406,-0.182977913,-0.080252106,0.862852423
"Wilson, Oliver",9,0,0,0,28,28,-0.001163102,0.36566208,-0.242773854,0.449022791,0.571911017,0.517588484
"Kinhult, Marcus",10,1,0,0,33,27,-0.017396474,0.446404038,-0.247072043,0.194904834,0.394236828,0.959326707
"Saddier, Adrien",6,0,0,0,20,2,0.566185127,-0.628728023,-1.207988448,1.038396956,-0.798319515,0.784402111
"Wolfe, Jared",18,0,0,0,48,31,-0.189040223,-0.206049103,-0.15240334,-0.103944205,-0.462396648,-0.02442007
"Kang, Sung",23,0,0,0,65,46,0.21545945,-0.187668064,-0.383645952,-0.317171669,-0.888485686,-0.450493433
"Scrivener, Jason",10,0,0,0,34,28,-0.246834008,-0.078068101,0.35091539,-0.124463394,0.148383895,0.184161234
"Cabrera Bello, Rafa",10,0,0.005,0,29,18,0.387065351,0.290543817,-0.720262996,0.115011348,-0.314707831,0.002215888
"Chappell, Kevin",13,0,0,0,41,28,-0.098749867,-0.211205718,-0.298185112,-0.349758877,-0.859149707,-0.425584256
"Lingmerth, David",9,0,0,0,28,6,0.471989917,0.908701506,-1.191806516,-0.488047515,-0.771152525,0.250616217
"Kieffer, Maximilian",7,0,0,0,22,22,-0.312404266,-0.102841077,0.426811263,0.126767692,0.450737878,0.26118335
"Jordan, Matthew",11,0,0,0,37,33,-0.084838537,0.334206826,-0.485919266,0.328122357,0.176409917,0.260757406
"Gagli, Lorenzo",9,0,0,0,28,22,0.126880904,0.142603186,0.647034106,-0.403363837,0.386273456,0.447748241
"Thompson, Curtis",18,0,0.001,0,51,29,0.023758728,-0.312407732,-0.468322455,0.09439947,-0.686330716,-0.261346481
"Brehm, Ryan",12,1,0.066,0,36,14,-1.245314165,-0.582914705,-0.599296134,-0.086813584,-1.269024422,0.230806327
"Besseling, Wil",11,0,0,0,37,37,-0.203482118,-0.112967663,-0.087729428,0.740403111,0.53970602,0.3053583
"Kearney, Niall",8,0,0,0,26,12,-0.161903251,0.111373881,0.82876625,0.304271281,1.244411412,0.781237332
"Morrison, James",10,0,0.001,0,32,32,0.940515739,-0.247155471,-0.126018946,-0.355571616,-0.728746033,0.231253159
"Hoffman, Charley",16,0,0,0,44,36,-0.335736769,0.021022864,-0.330567452,-0.304952194,-0.614496782,-0.5147408
"Hojgaard, Nicolai",11,1,0.37,0,28,22,-0.682567763,-0.283197103,0.358047548,0.801576514,0.876426959,-0.014934258
"Martin, Ben",11,0,0.005,0,33,16,0.085400579,-0.140911659,-0.568453159,0.137296781,-0.572068037,-0.036692498
"Moller, Niklas Norgaard",9,0,0,0,32,28,0.41575567,-0.261848299,-0.135480939,0.376410382,-0.020918856,0.34200381
"Herman, Jim",15,0,0,0,42,33,-0.429664528,-0.242551059,-0.227230991,-0.032463992,-0.502246043,-0.488356233
"Farr, Oliver",7,0,0,0,19,19,0.522733396,0.302002663,0.052610065,-0.398775401,-0.044162673,0.419412267
"Garcia-Heredia, Alfredo",9,0,0,0,26,22,-0.285061756,-0.041737516,0.241549881,0.311564013,0.511376378,0.631763188
"Schmid, Matthias",13,0,0,0,42,34,-0.594840215,-0.292647234,0.331305887,0.629618451,0.668277104,0.307575065
"Villegas, Camilo",17,0,0,0,50,30,-0.776239459,0.166196875,-0.0129319,-0.169666277,-0.016401302,-0.392701279
"Chalmers, Greg",5,0,0,0,15,3,0.045739148,0.035458181,-1.393659853,0.290819815,-1.067381857,0.030702466
"Hanna, Chase",12,0,0,0,30,30,0.770530496,0.124761695,-0.410588184,-0.100909413,-0.386735901,0.421319978
"Ferguson, Ewen",10,1,0,0,34,34,-0.35057853,-0.383883631,0.448576594,0.539284074,0.603977036,0.28625661
"Higgo, Garrick",16,0,0.002,0,46,32,-0.254261556,-0.401370688,-0.238720179,-0.104835806,-0.744926673,-0.935863233
"Gligic, Michael",16,0,0,0,51,35,-0.575373438,-0.058250934,-0.278738096,0.051155444,-0.285833585,-0.43917257
"Catlin, John",11,0,0,0,38,26,-0.049436311,-0.097707457,-0.075532248,0.535475155,0.36223545,0.597048078
"Luiten, Joost",10,0,0,0,28,28,0.327420277,-0.359265437,0.161312455,0.107325768,-0.090627214,0.268420335
"Hansen, Joachim B",11,0,0,0,38,34,-0.083615163,-0.151649412,0.107390763,0.175084543,0.130825894,0.171962309
"Stanley, Kyle",18,0,0,0,45,27,-1.13663575,-0.385575712,0.008030374,0.234572199,-0.142973139,-0.708775343
"Hagy, Brandon",22,0,0,0,58,39,-0.018120459,-0.26107898,-0.624011654,0.123577871,-0.761512763,-0.57205998
"Heisele, Sebastian",5,0,0,0,18,18,0.200572294,-0.060192157,-0.176229857,0.231507831,-0.004914183,0.188003287
"Knous, Jim",14,0,0.001,0,38,18,0.51096794,0.299134675,-0.609253806,-0.262021461,-0.572140592,-0.3348313
"Flavin, Patrick",9,0,0,0,28,4,0.065544198,-0.048153004,-0.75195006,-0.401731065,-1.201834129,0.670291436
"Kraft, Kelly",19,0,0,0,46,33,0.681366256,-0.279346277,-0.613912691,-0.383071851,-1.276330819,-0.362806149
"Skinns, David",17,0,0,0,50,30,-0.031878254,0.128617218,-0.243265018,-0.575894404,-0.690542204,-0.509111162
"Lombard, Zander",12,0,0,0,37,33,-0.642718933,0.083229765,0.39875602,0.249610393,0.731596177,0.419903895
"Rock, Robert",6,0,0,0,21,17,-0.337056199,-0.132065043,0.203075741,0.03437361,0.105384308,-0.045092119
"DeChambeau, Bryson",7,0,0,0,18,9,0.557994234,-0.832210862,-0.59486617,-0.752444838,-2.179521869,-0.813611432
"McGreevy, Max",18,0,0.001,0,49,32,0.057636319,-0.027572634,-0.336146539,-0.47352645,-0.837245623,-0.407011774
"Mickelson, Phil",5,0,0,0,17,10,0.132630779,0.074230144,-0.598455881,-0.340573926,-0.864799662,-0.936500637
"Porteous, Garrick",8,0,0,0,22,12,-0.694348631,0.044503931,-0.18645988,0.532362503,0.390406555,0.566400664
"Santos, Ricardo",9,0,0,0,28,24,-0.173910803,0.729202479,-0.198979942,-0.275969704,0.254252833,0.236106413
"Trainer, Martin",22,0,0.011,0,57,40,0.619587796,-0.050914399,-1.015383436,-0.359012452,-1.425310287,-0.595424205
"Forrest, Grant",11,0,0,0,34,34,0.198466748,0.002383802,-0.562450899,0.417495118,-0.14257198,0.073699501
"Von Dellingshausen, Nicolai",10,0,0,0,30,26,-0.281251151,-0.054760885,0.433513726,-0.075305194,0.303447647,0.132668952
"Aphibarnrat, Kiradech",15,0,0,0,47,30,-0.286756242,-0.440155633,-0.152889443,-0.097709914,-0.69075499,-0.280522758
"Sharma, Shubhankar",10,0,0.005,0,32,20,0.747463759,-0.669607527,0.434070315,-0.674857536,-0.910394749,0.26466647
"Stone, Brandon",12,0,0,0,38,36,-0.312386793,-0.094908908,0.009269711,0.412020943,0.326381746,0.112826988
"Reeves, Seth",18,0,0.007,0,48,29,-0.042572411,-0.662824971,-0.749263979,0.493006561,-0.919082389,-0.788247152
"De Jager, Louis",13,0,0,0,40,18,-0.84347212,0.403808889,1.02134209,0.052246583,1.477397561,1.150287286
"Gay, Brian",19,0,0,0,55,28,1.067601613,0.297819291,-1.38974534,-0.821209335,-1.913135385,-0.079656657
"Kofstad, Espen",12,0,0,0,33,33,-0.060516345,-0.100936412,0.279526389,0.027426227,0.206016204,0.180254714
"Helligkilde, Marcus",11,0,0,0,32,32,0.03114829,0.139006049,-0.766353804,0.604822496,-0.02252526,0.078178556
"Cockerill, Aaron",11,0,0.003,0,34,20,1.002069085,-0.591568618,-0.050929991,-0.140528489,-0.783027098,0.541473981
"Samooja, Kalle",10,0,0.001,0,30,26,0.369606398,-0.156896662,-0.348936285,-0.077367427,-0.583200373,0.001129285
"Burgoon, Bronson",13,0,0,0,37,27,0.067604249,-0.244016422,-0.193848561,-0.489632357,-0.92749734,-0.862690681
"LaCroix, Frederic",11,0,0,0,30,26,0.115596825,-0.281779682,0.26655589,-0.057758763,-0.072982555,0.161253031
"Trahan, D.J.",7,0,0,0,19,6,-1.499502557,0.302568842,0.732475533,-0.053070354,0.98197402,-0.241254562
"McCumber, Tyler",11,0,0.03,0,28,18,0.098802796,-0.354611309,-0.469904266,-0.526973798,-1.351489373,-0.900705963
"Kruyswijk, Jacques",9,0,0,0,26,22,-0.119177096,0.25566358,-0.678179486,0.731021955,0.308506049,0.221061753
"Bertasio, Nino",11,0,0,0,32,32,-0.231535525,-0.178734067,0.703094743,-0.290387349,0.233973328,0.035528716
"Waring, Paul",6,0,0,0,19,19,-0.249515458,-0.21697944,0.152686871,0.366753341,0.302460772,-0.092709473
"Nienaber, Wilco",13,0,0,0,41,16,0.147433106,0.103386749,-0.532441818,0.454565995,0.025510926,0.894830838
"Winther, Jeff",8,0,0.001,0,26,18,0.60122485,0.00462882,-0.21891532,-0.521051959,-0.735338459,-0.166464913
"Cook, Austin",17,0,0.001,0,46,29,-0.149238409,-0.053651481,-0.457071206,-0.403563487,-0.914286175,-0.791814572
"Wallace, Matt",16,0,0.002,0,44,37,-0.619605612,-0.096373776,-0.113552332,-0.614927127,-0.824853235,-1.017821558
"McEvoy, Richard",9,0,0.002,0,26,26,0.299025717,0.389326226,-0.045594454,-0.509222482,-0.16549071,0.037540284
"Rozner, Antoine",11,0,0.001,0,34,26,-0.492155781,-0.099692211,-0.282103647,0.078623595,-0.303172262,-0.037274815
"Tarrio Ben, Santiago",12,0,0,0,34,34,-0.334746142,0.113044057,0.19305636,0.001109675,0.307210092,0.027164526
"Garcia Rodriguez, Sebastian",9,0,0,0,27,23,-0.050491948,0.090355622,-0.47360036,0.068841787,-0.314402951,-0.098788527
"Kawamura, Masahiro",12,0,0,0,38,32,0.057766986,0.433737338,-0.568657132,0.486837406,0.351917612,0.143522969
"Laporta, Francesco",11,0,0,0,32,28,-0.094016556,0.124097786,-0.538184505,0.374583568,-0.039503152,-0.07271531
"Hoag, Bo",14,0,0,0,38,11,-0.403141654,-0.3548632,-1.158659299,-0.164619256,-1.678141755,-0.337485652
"Hadley, Chesson",21,0,0,0,57,40,0.325622611,-0.366921348,-0.394798381,-0.598741607,-1.360461337,-1.009392714
"Schneider, Marcel",9,0,0,0,22,18,-0.099844133,0.390466651,-0.636689255,0.005789489,-0.240433115,0.047696577
"Soderberg, Sebastian",12,0,0.002,0,36,32,-0.263379406,0.193821094,0.227682081,-0.37284714,0.048656035,0.009895998
"Wilshire, Kyle",4,0,0,0,14,5,-0.258567238,-0.723565993,0.178127956,-0.176939478,-0.722377516,-0.594219944
"Landry, Andrew",10,0,0.02,0,26,17,0.223579277,-0.36978276,-1.207168939,-0.048264885,-1.625216584,-1.134744502
"Bjorn, Thomas",7,0,0,0,22,22,0.615324082,-0.103187685,-0.476211982,-0.382599644,-0.961999311,-0.358897213
"Jacquelin, Raphael",5,0,0,0,18,10,-0.164999445,0.333247061,0.336864425,-1.066316957,-0.39620547,-0.089384639
"Whitnell, Dale",13,0,0,0,32,32,0.182032002,-0.120442679,-0.212052042,0.065907143,-0.266587578,-0.040492263
"Lemke, Niklas",9,0,0,0,27,15,0.165696013,0.131148356,-0.333865851,-0.732922356,-0.935639851,0.190258304
"Drysdale, David",11,0,0,0,32,30,-0.354516103,-0.116449831,0.246046262,0.017551483,0.147147914,-0.176603493
"Werenski, Richy",19,0,0,0,49,36,0.266717523,-0.313583695,-0.595635679,-0.437462666,-1.346682039,-1.139659535
"Nimmer, Bryson",6,0,0,0,18,8,-0.735821529,-0.119459355,-0.283160027,-0.634308313,-1.036927694,-0.627917479
"Broberg, Kristoffer",7,0,0,0,21,21,-0.988540443,-0.463344507,0.586040603,0.406218478,0.528914574,-0.339221866
"Easton, Bryce",11,0,0,0,30,12,-0.545414122,-0.319921999,-0.410672361,-0.21338513,-0.943979491,0.706029858
"Donaldson, Jamie",10,0,0,0,28,28,0.297175356,-0.020043062,-0.27712431,-0.326495682,-0.623663055,-0.309521978
"Drewitt, Brett",21,0,0,0,59,24,-0.49609164,0.164676332,-0.418372817,-0.413197206,-0.666893691,-0.607610121
"Van Der Walt, Dawie",18,0,0,0,45,28,-0.206145286,-0.195863157,-0.232150664,-0.224316347,-0.652330168,-0.931813046
"Siem, Marcel",7,0,0,0,20,18,-0.160398604,-0.111023601,0.207092043,0.054769346,0.150837789,-0.243820291
"Lorenzo-Vera, Michael",7,0,0,0,20,16,-0.368689333,-0.086575209,-0.225391928,0.079174304,-0.232792832,-0.246999582
"Pepperell, Eddie",8,0,0,0,20,16,-0.379503103,-0.073679673,0.191569338,-0.343742602,-0.225852937,-0.201000101
"Dufner, Jason",15,0,0,0,35,21,-0.523971329,-0.07866398,-0.303063864,-0.07898296,-0.460710804,-0.79081841
"Gouveia, Ricardo",9,0,0,0,24,24,-0.069238232,-0.385597056,0.549282832,-0.529405548,-0.365719772,-0.479185624
"Valimaki, Sami",11,0,0,0,34,30,-0.154907298,-0.510358234,-0.075469104,-0.013003012,-0.598830349,-0.43956579
"McGowan, Ross",10,0,0,0,28,20,-0.027209481,0.133008027,-0.39733402,-0.257483491,-0.521809484,0.071746292
"Coupland, Dave",6,0,0,0,16,16,-0.664126758,-0.002681207,0.465923624,0.022553658,0.485796076,-0.313544487
"Baddeley, Aaron",11,0,0,0,35,13,0.241345839,0.495991956,-0.442478179,-1.20943451,-1.155920734,-0.75296231
"Antcliff, Maverick",12,0,0,0,36,34,-0.33168448,0.033871145,-0.038301019,-0.028407274,-0.032837148,-0.391594759
"Gainey, Tommy",13,0,0,0,32,9,-0.408495622,-0.242195381,-0.982432798,0.090364065,-1.134264114,-0.862505343
"Sullivan, Andy",10,0,0,0,28,28,0.25469439,0.054675926,-0.527563331,-0.32864328,-0.801530685,-0.51414205
"Sterne, Richard",11,0,0,0,34,30,-0.380924291,-0.325992841,-0.193021176,0.111282169,-0.407731848,-0.472330358
"Kjeldsen, Soren",7,0,0,0,24,20,-0.16909971,-0.144751384,-8.63481E-05,-0.557760439,-0.702598172,-0.742366057
"Chesters, Ashley",10,0,0,0,28,28,-0.477540903,0.110080105,0.142293903,-0.129496709,0.122877299,-0.403766469
"Brown, Steven",11,0,0,0,25,25,0.412995516,-0.479868214,-0.326559475,-0.226575572,-1.03300326,-0.482566154
"Fichardt, Darren",11,0,0,0,30,26,0.244141454,-0.209717997,-0.784170786,-0.40072652,-1.394615304,-0.621137558
"Leon, Hugo",10,0,0,0,26,26,-0.343616446,0.055860256,-0.32434635,0.111735601,-0.156750492,-0.496317832
"Points, D.A.",6,0,0,0,20,5,0.109580349,0.062196801,-0.19195824,-1.605798298,-1.735559738,-1.035785694
"Sjoholm, Joel",8,0,0,0,24,16,-0.847508644,-0.013958013,0.041268074,0.33793521,0.365245271,-0.339942283
"Huizing, Daan",11,0,0,0,29,29,0.369224689,-0.095854264,-0.246869656,-0.732535638,-1.075259558,-0.712205234
"Bjerregaard, Lucas",10,0,0,0,25,25,0.010140236,0.197820667,-0.231521995,-0.759846092,-0.793547421,-0.75815627
"Canizares, Alejandro",11,0,0,0,28,28,-0.299013357,-0.098782755,0.308539776,-0.669763601,-0.46000658,-0.730209225
"Creel, Joshua",18,0,0,0,44,23,0.08036028,-0.422281706,-0.717094597,-0.216223085,-1.355599388,-1.230818964
"Southgate, Matthew",9,0,0,0,26,22,-0.728292313,-0.585199985,0.143742118,0.144467157,-0.296990709,-0.955483073
"Roussel, Robin",9,0,0,0,24,24,-0.058849914,0.126041269,-0.191449739,-0.524566083,-0.589974553,-0.656281459
"Barnes, Ricky",5,0,0,0,13,3,0.376059456,0.675625412,-2.193195033,-0.0365428,-1.554112421,-0.977236799
"Singh Brar, Jack",11,0,0,0,28,24,0.272423584,-0.761470752,-0.509480061,-0.360287833,-1.631238646,-0.88108738
"Van Driel, Darius",11,0,0,0,30,30,-0.464324859,0.14284249,-0.300522146,-0.18213499,-0.339814645,-0.757397117
"Lagergren, Joakim",10,0,0,0,28,28,0.506028827,-0.409640995,-0.788274783,-0.204767449,-1.402683228,-0.97174897
"Migliozzi, Guido",14,0,0,0,38,24,-0.324325285,-0.361638149,-0.537957201,-0.286294311,-1.185889661,-1.134229579
"Wilson, Andrew",10,0,0,0,25,21,-0.701456521,0.027906677,-0.607964308,-0.143718182,-0.723775813,-0.786262601
"Van Pelt, Bo",12,0,0,0,27,12,-0.525408501,-0.007384338,-1.192705654,-0.098909835,-1.298999827,-1.348408306
"Love III, Davis",7,0,0,0,19,9,-0.388319349,-0.304571123,-1.071720617,0.022629754,-1.353661986,-1.241087916
"Crocker, Sean",9,0,0,0,20,20,-0.902255484,-0.383586976,-0.051935139,0.22305819,-0.212463925,-1.107824421
"Blixt, Jonas",13,0,0,0,30,22,0.022044102,-0.141398441,-1.504132427,-0.249205463,-1.894736331,-2.149036157
"Ros, Pep Angles",10,0,0,0,25,18,-0.045421469,-0.068953352,-0.19785771,0.24895119,-0.017859872,-0.772208664
"Stalter, Joel",10,0,0,0,22,18,0.545049559,-0.307394531,-0.58276606,-0.249883604,-1.140044196,-0.921446699
"Lieser, Ondrej",6,0,0,0,16,14,-0.46822233,0.101114535,-0.521571911,-0.009701097,-0.430158473,-0.885750025
"Gallacher, Stephen",7,0,0,0,16,12,-0.533534113,-0.010029331,-1.112627889,-0.099523012,-1.222180231,-1.360621254
"Karlberg, Rikard",10,0,0,0,24,24,-0.119706424,0.172940145,-0.768898852,-0.709671798,-1.305630504,-1.41738342
"Caldwell, Jonathan",13,0,0,0,31,30,0.488172653,-0.145100734,-0.848210376,-0.959331882,-1.952642992,-1.361933027
"Crane, Ben",6,0,0,0,15,4,0.265817319,-0.104388084,-0.891399521,0.086690302,-0.909097303,-1.848540349
"Paisley, Chris",12,0,0,0,28,24,0.029558034,0.196101791,-0.439612568,-1.484172334,-1.727683111,-1.600707497
"Fisher, Oliver",9,0,0,0,19,16,0.158897654,0.149784917,-0.853903393,-0.831504496,-1.535622971,-1.493127979
"Porteous, Haydn",13,0,0,0,30,20,-0.446906165,-0.152324238,-0.865816752,-1.001169046,-2.019310036,-1.153525711
"Quiros, Alvaro",7,0,0,0,15,15,-0.269108565,-0.25653657,-0.77581264,-0.284147265,-1.316496475,-1.719125517
"Enoch, Rhys",7,0,0,0,16,10,0.12470858,-0.710960701,-1.376755663,0.498295666,-1.589420698,-1.048692347
"Warren, Marc",9,0,0,0,20,16,0.06890943,-0.551491816,-1.132912287,-0.724870642,-2.409274744,-1.93661217
"Hend, Scott",13,0,0,0,25,15,-0.749540721,-0.329079863,0.004582572,-0.078260169,-0.40275746,-1.362087957
"Storm, Graeme",8,0,0,0,15,15,-0.508589509,0.013875454,-0.719966282,-0.608136903,-1.314227731,-1.91965155
"Paratore, Renato",10,0,0,0,22,18,-0.260981466,0.561170486,-1.3526399,-1.581762296,-2.37323171,-2.032142541
"Wood, Chris",8,0,0,0,18,18,-0.403995903,0.21103952,-0.437207939,-1.788525415,-2.014693834,-2.316744203
"Howell, David",9,0,0,0,19,18,0.835044714,0.022169652,-1.153537735,-1.858388126,-2.989756208,-2.188082873
"Pigem, Carlos",11,0,0,0,26,15,-0.412049802,-0.146348276,-0.253836609,-0.915624924,-1.31580981,-1.777344583
"Sharvin, Cormac",10,0,0,0,21,13,-0.034145587,-0.105257855,-1.027368164,-1.36049248,-2.4931185,-2.153761348
"Potter Jr, Ted",8,0,0,0,19,3,-1.041466872,-2.123030205,-0.645564239,-0.933955778,-3.702550222,-2.611745518
"Johnson, Richard S.",5,0,0,0,13,3,-1.138339057,-0.939325152,-1.025754725,-1.475916082,-3.44099596,-3.125816681
"Stadler, Kevin",7,0,0,0,17,5,-1.973688397,-1.006539573,-1.632037137,-0.81241438,-3.45099109,-3.813690948
"Stow, Ben",6,0,0,0,14,4,-2.170240812,-0.02710632,-0.572767611,-0.085247475,-0.685121405,-3.130277792
